{
  "$schema": "https://raw.githubusercontent.com/spdx/spdx-spec/v2.2.1/schemas/spdx-schema.json",
  "spdxVersion": "SPDX-2.2",
  "dataLicense": "CC0-1.0",
  "SPDXID": "SPDXRef-DOCUMENT",
  "documentNamespace": "https://spdx.org/spdxdocs/openal-soft-x86-windows-1.22.2#4-28b84796-270a-40a0-8cf6-c395ca8790ce",
  "name": "openal-soft:x86-windows@1.22.2#4 08aa4aa22501fe3d501ef0debab5ea06244d9abaf87f83723a9198541a11881c",
  "creationInfo": {
    "creators": [
      "Tool: vcpkg-5fdee72bc1fceca198fb1ab7589837206a8b81ba"
    ],
    "created": "2022-12-05T21:28:52Z"
  },
  "relationships": [
    {
      "spdxElementId": "SPDXRef-port",
      "relationshipType": "GENERATES",
      "relatedSpdxElement": "SPDXRef-binary"
    },
    {
      "spdxElementId": "SPDXRef-port",
      "relationshipType": "CONTAINS",
      "relatedSpdxElement": "SPDXRef-file-0"
    },
    {
      "spdxElementId": "SPDXRef-port",
      "relationshipType": "CONTAINS",
      "relatedSpdxElement": "SPDXRef-file-1"
    },
    {
      "spdxElementId": "SPDXRef-port",
      "relationshipType": "CONTAINS",
      "relatedSpdxElement": "SPDXRef-file-2"
    },
    {
      "spdxElementId": "SPDXRef-port",
      "relationshipType": "CONTAINS",
      "relatedSpdxElement": "SPDXRef-file-3"
    },
    {
      "spdxElementId": "SPDXRef-binary",
      "relationshipType": "GENERATED_FROM",
      "relatedSpdxElement": "SPDXRef-port"
    },
    {
      "spdxElementId": "SPDXRef-file-0",
      "relationshipType": "CONTAINED_BY",
      "relatedSpdxElement": "SPDXRef-port"
    },
    {
      "spdxElementId": "SPDXRef-file-1",
      "relationshipType": "CONTAINED_BY",
      "relatedSpdxElement": "SPDXRef-port"
    },
    {
      "spdxElementId": "SPDXRef-file-2",
      "relationshipType": "CONTAINED_BY",
      "relatedSpdxElement": "SPDXRef-port"
    },
    {
      "spdxElementId": "SPDXRef-file-3",
      "relationshipType": "CONTAINED_BY",
      "relatedSpdxElement": "SPDXRef-port"
    },
    {
      "spdxElementId": "SPDXRef-file-3",
      "relationshipType": "DEPENDENCY_MANIFEST_OF",
      "relatedSpdxElement": "SPDXRef-port"
    }
  ],
  "packages": [
    {
      "name": "openal-soft",
      "SPDXID": "SPDXRef-port",
      "versionInfo": "1.22.2#4",
      "downloadLocation": "git+https://github.com/Microsoft/vcpkg#ports/openal-soft",
      "homepage": "https://github.com/kcat/openal-soft",
      "licenseConcluded": "GPL-2.0-or-later",
      "licenseDeclared": "NOASSERTION",
      "copyrightText": "NOASSERTION",
      "description": "OpenAL Soft is an LGPL-licensed, cross-platform, software implementation of the OpenAL 3D audio API.",
      "comment": "This is the port (recipe) consumed by vcpkg."
    },
    {
      "name": "openal-soft:x86-windows",
      "SPDXID": "SPDXRef-binary",
      "versionInfo": "08aa4aa22501fe3d501ef0debab5ea06244d9abaf87f83723a9198541a11881c",
      "downloadLocation": "NONE",
      "licenseConcluded": "GPL-2.0-or-later",
      "licenseDeclared": "NOASSERTION",
      "copyrightText": "NOASSERTION",
      "comment": "This is a binary package built by vcpkg."
    },
    {
      "SPDXID": "SPDXRef-resource-1",
      "name": "kcat/openal-soft",
      "downloadLocation": "git+https://github.com/kcat/openal-soft@dc83d99c95a42c960150ddeee06c124134b52208",
      "licenseConcluded": "NOASSERTION",
      "licenseDeclared": "NOASSERTION",
      "copyrightText": "NOASSERTION",
      "checksums": [
        {
          "algorithm": "SHA512",
          "checksumValue": "3fbbdfbb2609ef8187d20ce74b2fb8082037288f3fd80df71d360705d8efdadfe8f62811af1cd824cb6572c8c3479b370f8ae3819b8b8bb0b20c34f7a73cc530"
        }
      ]
    }
  ],
  "files": [
    {
      "fileName": "./0001-fix-mingw-x86-build.patch",
      "SPDXID": "SPDXRef-file-0",
      "checksums": [
        {
          "algorithm": "SHA256",
          "checksumValue": "d49b1de0fad8fb5cc9c6a23c506d2774fce45e70a676ddc5545a4a0ef1bcb6df"
        }
      ],
      "licenseConcluded": "NOASSERTION",
      "copyrightText": "NOASSERTION"
    },
    {
      "fileName": "./portfile.cmake",
      "SPDXID": "SPDXRef-file-1",
      "checksums": [
        {
          "algorithm": "SHA256",
          "checksumValue": "1a1ee0fd71c09a51540f6817bc995fe10057ac142fa9b9b27cd2d914cbf920b7"
        }
      ],
      "licenseConcluded": "NOASSERTION",
      "copyrightText": "NOASSERTION"
    },
    {
      "fileName": "./usage",
      "SPDXID": "SPDXRef-file-2",
      "checksums": [
        {
          "algorithm": "SHA256",
          "checksumValue": "307fa2c65356aa35cb18f6c3b599bf35a4f470c05de6fca0feb269c158eba88e"
        }
      ],
      "licenseConcluded": "NOASSERTION",
      "copyrightText": "NOASSERTION"
    },
    {
      "fileName": "./vcpkg.json",
      "SPDXID": "SPDXRef-file-3",
      "checksums": [
        {
          "algorithm": "SHA256",
          "checksumValue": "884d66e4108d200b238ea7cb3566bc5d65b8dfba9cb1153e050edfae88cd7e4c"
        }
      ],
      "licenseConcluded": "NOASSERTION",
      "copyrightText": "NOASSERTION"
    }
  ]
}
